rouge1,rouge2,rougeL,rougeLsum
0.0054731188857858,0.0,0.005481036885695316,0.005646907052153512
